dataset,S,config,corrected,uncorrected,miscorrected,coverage_pct
CERN 2018,2,none,0,32691,0,0.00
CERN 2018,2,ecc,31598,895,198,96.66
CERN 2018,2,par2d,29353,3338,0,89.79
CERN 2018,2,both,32625,66,0,99.80
CERN 2018,4,none,0,32691,0,0.00
CERN 2018,4,ecc,31598,895,198,96.66
CERN 2018,4,par2d,31177,1514,0,95.37
CERN 2018,4,both,32691,0,0,100.00
CERN 2018,8,none,0,32691,0,0.00
CERN 2018,8,ecc,31598,895,198,96.66
CERN 2018,8,par2d,31940,751,0,97.70
CERN 2018,8,both,32691,0,0,100.00
GSI 2019,2,none,0,7101,0,0.00
GSI 2019,2,ecc,6993,106,2,98.48
GSI 2019,2,par2d,4900,2201,0,69.00
GSI 2019,2,both,7101,0,0,100.00
GSI 2019,4,none,0,7101,0,0.00
GSI 2019,4,ecc,6993,106,2,98.48
GSI 2019,4,par2d,5929,1172,0,83.50
GSI 2019,4,both,7101,0,0,100.00
GSI 2019,8,none,0,7101,0,0.00
GSI 2019,8,ecc,6993,106,2,98.48
GSI 2019,8,par2d,6528,573,0,91.93
GSI 2019,8,both,7101,0,0,100.00
